[
    {
        "school_id": 1,
        "school_name": "Summer High School",
        "address": "Sun Street 2",
        "school_type": "High School"
    },

    {
        "school_id": 2,
        "school_name": "Winter Middle School",
        "address": "Moon Street 212",
        "school_type": "Middle School"
    },

    {
        "school_id": 3,
        "school_name": "Winter High School",
        "address": "Moon Street 220",
        "school_type": "High School"
    },
    
    {
        "school_id": 4,
        "school_name": "Fall Kindergarten",
        "address": "Jupiter Street 265",
        "school_type": "Kindergarten"
    },

    {
        "school_id": 5,
        "school_name": "Fall Middle School",
        "address": "Jupiter Street 270",
        "school_type": " Middle School"
    },
    
    {
        "school_id": 6,
        "school_name": "Fall High School",
        "address": "Jupiter Street 270",
        "school_type": " High School"
    },

    {
        "school_id": 7,
        "school_name": "Spring High School",
        "address": "Mars Avenue 5270",
        "school_type": " High School"
    },

    {
        "school_id": 8,
        "school_name": "Spring Middle School",
        "address": "Mars Avenue 5275",
        "school_type": " Middle School"
    },

    {
        "school_id": 9,
        "school_name": "Spring Kindergarten",
        "address": "Mars Avenue 5280",
        "school_type": " Kindergarten"
    },

    {
        "school_id": 10,
        "school_name": "4 Seasons Kindergarten",
        "address": "Venus Avenue 80",
        "school_type": " Kindergarten"
    }
]